USE [db_catalogo_servicios]
GO
--**********************************************************************************************
SET IDENTITY_INSERT [dbo].[familia] ON 
INSERT [dbo].[familia] (FAMILIA_ID, DESCRIPCION, ESTADO, USUARIO_CREACION, FECHA_CREACION) VALUES (1, N'EQUIPOS INFORMATICOS', 1, USER_NAME(), GETDATE())
INSERT [dbo].[familia] (FAMILIA_ID, DESCRIPCION, ESTADO, USUARIO_CREACION, FECHA_CREACION) VALUES (2, N'HERRAMIENTAS DE TELEFONIA', 1, USER_NAME(), GETDATE())
INSERT [dbo].[familia] (FAMILIA_ID, DESCRIPCION, ESTADO, USUARIO_CREACION, FECHA_CREACION) VALUES (3, N'HERRAMIENTAS DE COLABORACION', 1, USER_NAME(), GETDATE())
INSERT [dbo].[familia] (FAMILIA_ID, DESCRIPCION, ESTADO, USUARIO_CREACION, FECHA_CREACION) VALUES (4, N'SOFTWARE ESPECIALIZADO', 1, USER_NAME(), GETDATE())
INSERT [dbo].[familia] (FAMILIA_ID, DESCRIPCION, ESTADO, USUARIO_CREACION, FECHA_CREACION) VALUES (5, N'NORMALIZACION Y ESTANDARIZACION TECNICA', 1, USER_NAME(), GETDATE())
INSERT [dbo].[familia] (FAMILIA_ID, DESCRIPCION, ESTADO, USUARIO_CREACION, FECHA_CREACION) VALUES (6, N'MEDIOS DE INFORMACION', 1, USER_NAME(), GETDATE())
INSERT [dbo].[familia] (FAMILIA_ID, DESCRIPCION, ESTADO, USUARIO_CREACION, FECHA_CREACION) VALUES (7, N'SISTEMAS DE INFORMACION', 1, USER_NAME(), GETDATE())
INSERT [dbo].[familia] (FAMILIA_ID, DESCRIPCION, ESTADO, USUARIO_CREACION, FECHA_CREACION) VALUES (8, N'INFRAESTRUCTURA TECNOLOGICA', 1, USER_NAME(), GETDATE())
INSERT [dbo].[familia] (FAMILIA_ID, DESCRIPCION, ESTADO, USUARIO_CREACION, FECHA_CREACION) VALUES (9, N'DESARROLLO DE CAPACIDADES TECNOLOGICAS', 1, USER_NAME(), GETDATE())
SET IDENTITY_INSERT [dbo].[familia] OFF
--**********************************************************************************************
SET IDENTITY_INSERT [dbo].[formato] ON 
INSERT [dbo].[formato] (FORMATO_ID, CODIGO, DESCRIPCION, VERSION, USUARIO_CREACION, FECHA_CREACION) VALUES (1, N'FPS04.03.01', N'FORMATO 01', 1, USER_NAME(), GETDATE())
INSERT [dbo].[formato] (FORMATO_ID, CODIGO, DESCRIPCION, VERSION, USUARIO_CREACION, FECHA_CREACION) VALUES (2, N'FPS04.03.02', N'FORMATO 02', 1, USER_NAME(), GETDATE())
INSERT [dbo].[formato] (FORMATO_ID, CODIGO, DESCRIPCION, VERSION, USUARIO_CREACION, FECHA_CREACION) VALUES (3, N'FPS04.03.03', N'FORMATO 03', 1, USER_NAME(), GETDATE())
INSERT [dbo].[formato] (FORMATO_ID, CODIGO, DESCRIPCION, VERSION, USUARIO_CREACION, FECHA_CREACION) VALUES (4, N'FPS04.03.04', N'FORMATO 04', 1, USER_NAME(), GETDATE())
INSERT [dbo].[formato] (FORMATO_ID, CODIGO, DESCRIPCION, VERSION, USUARIO_CREACION, FECHA_CREACION) VALUES (5, N'FPS04.03.05', N'FORMATO 05', 1, USER_NAME(), GETDATE())
INSERT [dbo].[formato] (FORMATO_ID, CODIGO, DESCRIPCION, VERSION, USUARIO_CREACION, FECHA_CREACION) VALUES (6, N'FPS04.03.06', N'FORMATO 06', 1, USER_NAME(), GETDATE())
INSERT [dbo].[formato] (FORMATO_ID, CODIGO, DESCRIPCION, VERSION, USUARIO_CREACION, FECHA_CREACION) VALUES (7, N'FPS04.03.07', N'FORMATO 07', 1, USER_NAME(), GETDATE())
INSERT [dbo].[formato] (FORMATO_ID, CODIGO, DESCRIPCION, VERSION, USUARIO_CREACION, FECHA_CREACION) VALUES (8, N'FPS04.03.08', N'FORMATO 08', 1, USER_NAME(), GETDATE())
INSERT [dbo].[formato] (FORMATO_ID, CODIGO, DESCRIPCION, VERSION, USUARIO_CREACION, FECHA_CREACION) VALUES (9, N'FPS04.03.09', N'FORMATO 09', 1, USER_NAME(), GETDATE())
INSERT [dbo].[formato] (FORMATO_ID, CODIGO, DESCRIPCION, VERSION, USUARIO_CREACION, FECHA_CREACION) VALUES (10, N'FPS04.03.10', N'FORMATO 10', 1, USER_NAME(), GETDATE())
INSERT [dbo].[formato] (FORMATO_ID, CODIGO, DESCRIPCION, VERSION, USUARIO_CREACION, FECHA_CREACION) VALUES (11, N'FPS04.03.11', N'FORMATO 11', 1, USER_NAME(), GETDATE())
INSERT [dbo].[formato] (FORMATO_ID, CODIGO, DESCRIPCION, VERSION, USUARIO_CREACION, FECHA_CREACION) VALUES (12, N'FPS04.03.12', N'FORMATO 12', 1, USER_NAME(), GETDATE())
INSERT [dbo].[formato] (FORMATO_ID, CODIGO, DESCRIPCION, VERSION, USUARIO_CREACION, FECHA_CREACION) VALUES (13, N'FPS04.03.13', N'FORMATO 13', 1, USER_NAME(), GETDATE())
INSERT [dbo].[formato] (FORMATO_ID, CODIGO, DESCRIPCION, VERSION, USUARIO_CREACION, FECHA_CREACION) VALUES (14, N'FPS04.03.14', N'FORMATO 14', 1, USER_NAME(), GETDATE())
SET IDENTITY_INSERT [dbo].[formato] OFF
--**********************************************************************************************
SET IDENTITY_INSERT [dbo].[sede] ON 
INSERT INTO [dbo].[sede] (SEDE_ID, DESCRIPCION, UBICACION, USUARIO_CREACION, FECHA_CREACION) VALUES (1 , N'Sede Central', N'Calle El Comercio N° 193 - San Borja', USER_NAME(), GETDATE())
INSERT INTO [dbo].[sede] (SEDE_ID, DESCRIPCION, UBICACION, USUARIO_CREACION, FECHA_CREACION) VALUES (2 , N'Sede ExCentromin', N'Av. De la Poesia Nº 155 – San Borja', USER_NAME(), GETDATE())
SET IDENTITY_INSERT [dbo].[sede] OFF
--**********************************************************************************************

SET IDENTITY_INSERT [dbo].[direccion] ON
INSERT INTO [direccion] (ENUM_ID, ENUM_PARENTCHLD1, ENUM_PARENTCHLD2, ENUM_DESC, USUARIO_CREACION, FECHA_CREACION) VALUES (1 , 1, 1, N'SECRETARIA DE PLANIFICACION ESTRATEGICA',USER_NAME(), GETDATE())
INSERT INTO [direccion] (ENUM_ID, ENUM_PARENTCHLD1, ENUM_PARENTCHLD2, ENUM_DESC, USUARIO_CREACION, FECHA_CREACION) VALUES (2 , 1, 2, N'OFICINA DE TECNOLOGIAS DE LA INFORMACION Y COMUNICACION',USER_NAME(), GETDATE())
INSERT INTO [direccion] (ENUM_ID, ENUM_PARENTCHLD1, ENUM_PARENTCHLD2, ENUM_DESC, USUARIO_CREACION, FECHA_CREACION) VALUES (3 , 2, 3, N'UNIDAD DE CALIDAD Y SEGURIDAD DE LA INFORMACION',USER_NAME(), GETDATE())
INSERT INTO [direccion] (ENUM_ID, ENUM_PARENTCHLD1, ENUM_PARENTCHLD2, ENUM_DESC, USUARIO_CREACION, FECHA_CREACION) VALUES (4 , 2, 3, N'UNIDAD DE SISTEMAS DE INFORMACION',USER_NAME(), GETDATE())
INSERT INTO [direccion] (ENUM_ID, ENUM_PARENTCHLD1, ENUM_PARENTCHLD2, ENUM_DESC, USUARIO_CREACION, FECHA_CREACION) VALUES (5 , 2, 3, N'UNIDAD DE INFRAESTRUCTURA TECNOLOGICA',USER_NAME(), GETDATE())
INSERT INTO [direccion] (ENUM_ID, ENUM_PARENTCHLD1, ENUM_PARENTCHLD2, ENUM_DESC, USUARIO_CREACION, FECHA_CREACION) VALUES (6 , 2, 3, N'UNIDAD DE SERVICIO DE ATENCION AL USUARIO',USER_NAME(), GETDATE())
SET IDENTITY_INSERT [dbo].[direccion] OFF
--**********************************************************************************************
SET IDENTITY_INSERT [dbo].[servicio] ON
INSERT INTO [servicio] (SERVICIO_ID, DESCRIPCION, FAMILIA_ID, FORMATO_ID, USUARIO_CREACION, FECHA_CREACION) VALUES (1, N'DESPLIEGUES Y ENTREGAS', 1, 1, USER_NAME(), GETDATE())
INSERT INTO [servicio] (SERVICIO_ID, DESCRIPCION, FAMILIA_ID, FORMATO_ID, USUARIO_CREACION, FECHA_CREACION) VALUES (2, N'RESVISIONES TECNICAS', 1, 1, USER_NAME(), GETDATE())
INSERT INTO [servicio] (SERVICIO_ID, DESCRIPCION, FAMILIA_ID, FORMATO_ID, USUARIO_CREACION, FECHA_CREACION) VALUES (3, N'MANTENIMIENTO', 1, 1, USER_NAME(), GETDATE())
SET IDENTITY_INSERT [dbo].[servicio] OFF
--**********************************************************************************************
SET IDENTITY_INSERT [dbo].[campo] ON
INSERT INTO [campo] (CAMPO_ID, DESCRIPCION, USUARIO_CREACION, FECHA_CREACION) VALUES (1, N'NOMBRE_SOLICITANTE', USER_NAME(), GETDATE())
INSERT INTO [campo] (CAMPO_ID, DESCRIPCION, USUARIO_CREACION, FECHA_CREACION) VALUES (2, N'NOMBRE_CONTACTO', USER_NAME(), GETDATE())
INSERT INTO [campo] (CAMPO_ID, DESCRIPCION, USUARIO_CREACION, FECHA_CREACION) VALUES (3, N'ANEXO_CONTACTO', USER_NAME(), GETDATE())
INSERT INTO [campo] (CAMPO_ID, DESCRIPCION, USUARIO_CREACION, FECHA_CREACION) VALUES (4, N'CELULAR_CONTACTO', USER_NAME(), GETDATE())
INSERT INTO [campo] (CAMPO_ID, DESCRIPCION, USUARIO_CREACION, FECHA_CREACION) VALUES (5, N'DOC_REFERENCIA', USER_NAME(), GETDATE())
INSERT INTO [campo] (CAMPO_ID, DESCRIPCION, USUARIO_CREACION, FECHA_CREACION) VALUES (6, N'PRODUCTO', USER_NAME(), GETDATE())
INSERT INTO [campo] (CAMPO_ID, DESCRIPCION, USUARIO_CREACION, FECHA_CREACION) VALUES (7, N'MODALIDAD', USER_NAME(), GETDATE())
INSERT INTO [campo] (CAMPO_ID, DESCRIPCION, USUARIO_CREACION, FECHA_CREACION) VALUES (8, N'CANTIDAD', USER_NAME(), GETDATE())

INSERT INTO [campo] (CAMPO_ID, DESCRIPCION, USUARIO_CREACION, FECHA_CREACION) VALUES (9, N'CI_DESCRIPCION', USER_NAME(), GETDATE())
INSERT INTO [campo] (CAMPO_ID, DESCRIPCION, USUARIO_CREACION, FECHA_CREACION) VALUES (10, N'CI_MARCA', USER_NAME(), GETDATE())
INSERT INTO [campo] (CAMPO_ID, DESCRIPCION, USUARIO_CREACION, FECHA_CREACION) VALUES (11, N'CI_MODELO', USER_NAME(), GETDATE())
INSERT INTO [campo] (CAMPO_ID, DESCRIPCION, USUARIO_CREACION, FECHA_CREACION) VALUES (12, N'CI_NRO_SERIE', USER_NAME(), GETDATE())
INSERT INTO [campo] (CAMPO_ID, DESCRIPCION, USUARIO_CREACION, FECHA_CREACION) VALUES (13, N'CI_COD_SBN', USER_NAME(), GETDATE())

INSERT INTO [campo] (CAMPO_ID, DESCRIPCION, USUARIO_CREACION, FECHA_CREACION) VALUES (14, N'EN_USO', USER_NAME(), GETDATE())
INSERT INTO [campo] (CAMPO_ID, DESCRIPCION, USUARIO_CREACION, FECHA_CREACION) VALUES (15, N'OPERATIVO', USER_NAME(), GETDATE())
INSERT INTO [campo] (CAMPO_ID, DESCRIPCION, USUARIO_CREACION, FECHA_CREACION) VALUES (16, N'MOTIVO', USER_NAME(), GETDATE())
INSERT INTO [campo] (CAMPO_ID, DESCRIPCION, USUARIO_CREACION, FECHA_CREACION) VALUES (17, N'JUSTIFICACION', USER_NAME(), GETDATE())
INSERT INTO [campo] (CAMPO_ID, DESCRIPCION, USUARIO_CREACION, FECHA_CREACION) VALUES (18, N'ADJUNTO', USER_NAME(), GETDATE())
SET IDENTITY_INSERT [dbo].[campo] OFF
--**********************************************************************************************
SET IDENTITY_INSERT [dbo].[campo_servicio] ON
INSERT INTO [campo_servicio] (CAMPO_SERVICIO_ID, SERVICIO_ID, CAMPO_ID, USUARIO_CREACION, FECHA_CREACION) VALUES (1, 1, 1, USER_NAME(), GETDATE())
INSERT INTO [campo_servicio] (CAMPO_SERVICIO_ID, SERVICIO_ID, CAMPO_ID, USUARIO_CREACION, FECHA_CREACION) VALUES (2, 1, 2, USER_NAME(), GETDATE())
INSERT INTO [campo_servicio] (CAMPO_SERVICIO_ID, SERVICIO_ID, CAMPO_ID, USUARIO_CREACION, FECHA_CREACION) VALUES (3, 1, 3, USER_NAME(), GETDATE())
INSERT INTO [campo_servicio] (CAMPO_SERVICIO_ID, SERVICIO_ID, CAMPO_ID, USUARIO_CREACION, FECHA_CREACION) VALUES (4, 1, 4, USER_NAME(), GETDATE())
INSERT INTO [campo_servicio] (CAMPO_SERVICIO_ID, SERVICIO_ID, CAMPO_ID, USUARIO_CREACION, FECHA_CREACION) VALUES (5, 1, 5, USER_NAME(), GETDATE())
INSERT INTO [campo_servicio] (CAMPO_SERVICIO_ID, SERVICIO_ID, CAMPO_ID, USUARIO_CREACION, FECHA_CREACION) VALUES (6, 1, 6, USER_NAME(), GETDATE())
INSERT INTO [campo_servicio] (CAMPO_SERVICIO_ID, SERVICIO_ID, CAMPO_ID, USUARIO_CREACION, FECHA_CREACION) VALUES (7, 1, 7, USER_NAME(), GETDATE())
INSERT INTO [campo_servicio] (CAMPO_SERVICIO_ID, SERVICIO_ID, CAMPO_ID, USUARIO_CREACION, FECHA_CREACION) VALUES (8, 1, 8, USER_NAME(), GETDATE())
INSERT INTO [campo_servicio] (CAMPO_SERVICIO_ID, SERVICIO_ID, CAMPO_ID, USUARIO_CREACION, FECHA_CREACION) VALUES (9, 1, 9, USER_NAME(), GETDATE())
INSERT INTO [campo_servicio] (CAMPO_SERVICIO_ID, SERVICIO_ID, CAMPO_ID, USUARIO_CREACION, FECHA_CREACION) VALUES (10, 1, 10, USER_NAME(), GETDATE())
INSERT INTO [campo_servicio] (CAMPO_SERVICIO_ID, SERVICIO_ID, CAMPO_ID, USUARIO_CREACION, FECHA_CREACION) VALUES (11, 1, 11, USER_NAME(), GETDATE())
INSERT INTO [campo_servicio] (CAMPO_SERVICIO_ID, SERVICIO_ID, CAMPO_ID, USUARIO_CREACION, FECHA_CREACION) VALUES (12, 1, 12, USER_NAME(), GETDATE())
INSERT INTO [campo_servicio] (CAMPO_SERVICIO_ID, SERVICIO_ID, CAMPO_ID, USUARIO_CREACION, FECHA_CREACION) VALUES (13, 1, 13, USER_NAME(), GETDATE())
INSERT INTO [campo_servicio] (CAMPO_SERVICIO_ID, SERVICIO_ID, CAMPO_ID, USUARIO_CREACION, FECHA_CREACION) VALUES (14, 1, 17, USER_NAME(), GETDATE())
INSERT INTO [campo_servicio] (CAMPO_SERVICIO_ID, SERVICIO_ID, CAMPO_ID, USUARIO_CREACION, FECHA_CREACION) VALUES (15, 1, 18, USER_NAME(), GETDATE())

INSERT INTO [campo_servicio] (CAMPO_SERVICIO_ID, SERVICIO_ID, CAMPO_ID, USUARIO_CREACION, FECHA_CREACION) VALUES (16, 2, 1, USER_NAME(), GETDATE())
INSERT INTO [campo_servicio] (CAMPO_SERVICIO_ID, SERVICIO_ID, CAMPO_ID, USUARIO_CREACION, FECHA_CREACION) VALUES (17, 2, 2, USER_NAME(), GETDATE())
INSERT INTO [campo_servicio] (CAMPO_SERVICIO_ID, SERVICIO_ID, CAMPO_ID, USUARIO_CREACION, FECHA_CREACION) VALUES (18, 2, 3, USER_NAME(), GETDATE())
INSERT INTO [campo_servicio] (CAMPO_SERVICIO_ID, SERVICIO_ID, CAMPO_ID, USUARIO_CREACION, FECHA_CREACION) VALUES (19, 2, 4, USER_NAME(), GETDATE())
INSERT INTO [campo_servicio] (CAMPO_SERVICIO_ID, SERVICIO_ID, CAMPO_ID, USUARIO_CREACION, FECHA_CREACION) VALUES (20, 2, 5, USER_NAME(), GETDATE())

INSERT INTO [campo_servicio] (CAMPO_SERVICIO_ID, SERVICIO_ID, CAMPO_ID, USUARIO_CREACION, FECHA_CREACION) VALUES (21, 1, 9, USER_NAME(), GETDATE())
INSERT INTO [campo_servicio] (CAMPO_SERVICIO_ID, SERVICIO_ID, CAMPO_ID, USUARIO_CREACION, FECHA_CREACION) VALUES (22, 1, 10, USER_NAME(), GETDATE())
INSERT INTO [campo_servicio] (CAMPO_SERVICIO_ID, SERVICIO_ID, CAMPO_ID, USUARIO_CREACION, FECHA_CREACION) VALUES (23, 1, 11, USER_NAME(), GETDATE())
INSERT INTO [campo_servicio] (CAMPO_SERVICIO_ID, SERVICIO_ID, CAMPO_ID, USUARIO_CREACION, FECHA_CREACION) VALUES (24, 1, 12, USER_NAME(), GETDATE())
INSERT INTO [campo_servicio] (CAMPO_SERVICIO_ID, SERVICIO_ID, CAMPO_ID, USUARIO_CREACION, FECHA_CREACION) VALUES (25, 1, 13, USER_NAME(), GETDATE())

INSERT INTO [campo_servicio] (CAMPO_SERVICIO_ID, SERVICIO_ID, CAMPO_ID, USUARIO_CREACION, FECHA_CREACION) VALUES (26, 2, 14, USER_NAME(), GETDATE())
INSERT INTO [campo_servicio] (CAMPO_SERVICIO_ID, SERVICIO_ID, CAMPO_ID, USUARIO_CREACION, FECHA_CREACION) VALUES (27, 2, 15, USER_NAME(), GETDATE())
INSERT INTO [campo_servicio] (CAMPO_SERVICIO_ID, SERVICIO_ID, CAMPO_ID, USUARIO_CREACION, FECHA_CREACION) VALUES (28, 2, 16, USER_NAME(), GETDATE())
INSERT INTO [campo_servicio] (CAMPO_SERVICIO_ID, SERVICIO_ID, CAMPO_ID, USUARIO_CREACION, FECHA_CREACION) VALUES (29, 2, 17, USER_NAME(), GETDATE())
INSERT INTO [campo_servicio] (CAMPO_SERVICIO_ID, SERVICIO_ID, CAMPO_ID, USUARIO_CREACION, FECHA_CREACION) VALUES (30, 2, 18, USER_NAME(), GETDATE())

INSERT INTO [campo_servicio] (CAMPO_SERVICIO_ID, SERVICIO_ID, CAMPO_ID, USUARIO_CREACION, FECHA_CREACION) VALUES (31, 3, 1, USER_NAME(), GETDATE())
INSERT INTO [campo_servicio] (CAMPO_SERVICIO_ID, SERVICIO_ID, CAMPO_ID, USUARIO_CREACION, FECHA_CREACION) VALUES (32, 3, 2, USER_NAME(), GETDATE())
INSERT INTO [campo_servicio] (CAMPO_SERVICIO_ID, SERVICIO_ID, CAMPO_ID, USUARIO_CREACION, FECHA_CREACION) VALUES (33, 3, 3, USER_NAME(), GETDATE())
INSERT INTO [campo_servicio] (CAMPO_SERVICIO_ID, SERVICIO_ID, CAMPO_ID, USUARIO_CREACION, FECHA_CREACION) VALUES (34, 3, 4, USER_NAME(), GETDATE())
INSERT INTO [campo_servicio] (CAMPO_SERVICIO_ID, SERVICIO_ID, CAMPO_ID, USUARIO_CREACION, FECHA_CREACION) VALUES (35, 3, 5, USER_NAME(), GETDATE())

INSERT INTO [campo_servicio] (CAMPO_SERVICIO_ID, SERVICIO_ID, CAMPO_ID, USUARIO_CREACION, FECHA_CREACION) VALUES (36, 3, 9, USER_NAME(), GETDATE())
INSERT INTO [campo_servicio] (CAMPO_SERVICIO_ID, SERVICIO_ID, CAMPO_ID, USUARIO_CREACION, FECHA_CREACION) VALUES (37, 3, 10, USER_NAME(), GETDATE())
INSERT INTO [campo_servicio] (CAMPO_SERVICIO_ID, SERVICIO_ID, CAMPO_ID, USUARIO_CREACION, FECHA_CREACION) VALUES (38, 3, 11, USER_NAME(), GETDATE())
INSERT INTO [campo_servicio] (CAMPO_SERVICIO_ID, SERVICIO_ID, CAMPO_ID, USUARIO_CREACION, FECHA_CREACION) VALUES (39, 3, 12, USER_NAME(), GETDATE())
INSERT INTO [campo_servicio] (CAMPO_SERVICIO_ID, SERVICIO_ID, CAMPO_ID, USUARIO_CREACION, FECHA_CREACION) VALUES (40, 3, 13, USER_NAME(), GETDATE())

INSERT INTO [campo_servicio] (CAMPO_SERVICIO_ID, SERVICIO_ID, CAMPO_ID, USUARIO_CREACION, FECHA_CREACION) VALUES (41, 3, 14, USER_NAME(), GETDATE())
INSERT INTO [campo_servicio] (CAMPO_SERVICIO_ID, SERVICIO_ID, CAMPO_ID, USUARIO_CREACION, FECHA_CREACION) VALUES (42, 3, 15, USER_NAME(), GETDATE())
INSERT INTO [campo_servicio] (CAMPO_SERVICIO_ID, SERVICIO_ID, CAMPO_ID, USUARIO_CREACION, FECHA_CREACION) VALUES (43, 3, 16, USER_NAME(), GETDATE())
INSERT INTO [campo_servicio] (CAMPO_SERVICIO_ID, SERVICIO_ID, CAMPO_ID, USUARIO_CREACION, FECHA_CREACION) VALUES (44, 3, 17, USER_NAME(), GETDATE())
INSERT INTO [campo_servicio] (CAMPO_SERVICIO_ID, SERVICIO_ID, CAMPO_ID, USUARIO_CREACION, FECHA_CREACION) VALUES (45, 3, 18, USER_NAME(), GETDATE())
SET IDENTITY_INSERT [dbo].[campo_servicio] OFF
--**********************************************************************************************

SET IDENTITY_INSERT [dbo].[rol] ON
INSERT INTO [rol] (ROL_ID, DESCRIPCION) VALUES (1, N'JEFE')
INSERT INTO [rol] (ROL_ID, DESCRIPCION) VALUES (2, N'COORDINADOR')
INSERT INTO [rol] (ROL_ID, DESCRIPCION) VALUES (3, N'USUARIO')
INSERT INTO [rol] (ROL_ID, DESCRIPCION) VALUES (4, N'ADMINISTRADOR')
SET IDENTITY_INSERT [dbo].[rol] OFF

SET IDENTITY_INSERT [dbo].[user_catalogo] ON
INSERT INTO [dbo].[user_catalogo]
           ([USER_ID],[JEFE_ID],[NOMBRE],[APELLIDO],[DIRECCION_ID],[CORREO_ELECTRONICO],[CONTRASENA],[ROL_ID])
     VALUES
           (1,1,N'LUIS',N'CHALLCO',2,N'NIVEL3_ESP01@minedu.gob.pe',ENCRYPTBYPASSPHRASE('password', 'Minedu1234'),1)

INSERT INTO [dbo].[user_catalogo]
           ([USER_ID],[JEFE_ID],[NOMBRE],[APELLIDO],[DIRECCION_ID],[CORREO_ELECTRONICO],[CONTRASENA],[ROL_ID])
     VALUES
           (2,1,N'WANDER',N'ROJAS',2,N'PERUEDUCA52@minedu.gob.pe',ENCRYPTBYPASSPHRASE('password', 'Minedu2468'),2)


INSERT INTO [dbo].[user_catalogo]
           ([USER_ID],[JEFE_ID],[NOMBRE],[APELLIDO],[DIRECCION_ID],[CORREO_ELECTRONICO],[CONTRASENA],[ROL_ID]
			)
     VALUES
           (3,1 ,N'JUAN',N'TOVAR',5,N'SERVICIODEAYUDA6@minedu.gob.pe',ENCRYPTBYPASSPHRASE('password', 'Minedu2468'),2)

SET IDENTITY_INSERT [dbo].[user_catalogo] OFF